<?xml version="1.0" encoding="utf-8"?>
<odoo>
    <data noupdate="1">
        <!-- Domyślne kolory - tylko jeśli nie istnieją -->
        <record id="color_18_bialy" model="furniture.color">
            <field name="name">Biały</field>
            <field name="code">18_BIALY_DEFAULT</field>
            <field name="thickness">18</field>
            <field name="sequence">10</field>
        </record>
        
        <record id="color_18_surowa" model="furniture.color">
            <field name="name">Surowa</field>
            <field name="code">18_SUROWA_DEFAULT</field>
            <field name="thickness">18</field>
            <field name="sequence">20</field>
        </record>

        <!-- Domyślne rodzaje produktów -->
        <record id="type_bok_l" model="furniture.product.type">
            <field name="name">Bok lewy</field>
            <field name="code">BOK-L</field>
            <field name="sequence">10</field>
        </record>
        
        <record id="type_bok_p" model="furniture.product.type">
            <field name="name">Bok prawy</field>
            <field name="code">BOK-P</field>
            <field name="sequence">20</field>
        </record>

        <!-- Domyślne serie -->
        <record id="series_vb" model="furniture.series">
            <field name="name">VB</field>
            <field name="code">VB</field>
            <field name="sequence">10</field>
        </record>

        <!-- Domyślne typy wiercenia -->
        <record id="drilling_tttt" model="furniture.drilling.type">
            <field name="name">Pełne wiercenie</field>
            <field name="code">TTTT</field>
            <field name="sequence">10</field>
        </record>

        <!-- Domyślne lokalizacje -->
        <record id="location_niziny" model="warehouse.location.custom">
            <field name="name">Niziny Magazyn 1 R3 P1</field>
            <field name="code">NIZINY-MAG-1-R3-P1</field>
            <field name="warehouse_type">components</field>
            <field name="sequence">10</field>
        </record>
    </data>
</odoo>
